Twórca,link,Uwaga,Przynależność kulturowa,Gatunek,Identyfikator,Inny tytuł,Wydanie,Wydawca,Bibliografia,Tytuł,UKD,Opis fizyczny,Temat,Data publikacji,Dziedzina i ujęcie,Język,Forma i typ,Zawartość,Tytuły powiązane,Serie
"Murakami, Haruki.",https://katalogi.bn.org.pl/discovery/fulldisplay?docid=alma9912750712405606&context=L&vid=48OMNIS_NLOP:48OMNIS_NLOP&lang=pl&search_scope=NLOP_IZ_NZ&adaptor=Local%20Search%20Engine&tab=LibraryCatalog&query=any%2Ccontains%2CHaruki%20Murakami&offset=0,Tekst w języku angielskim,,,ISBN : 978009944882 0099448823,,,Londyn : Vintage Books,,Norwegiam Wood / Haruki Murakami.,821.521-3 =,389 s. ; 20 cm.,Powieść japońska -- 20 w,2003,,polski,,,,
"Murakami, Haruki.",https://katalogi.bn.org.pl/discovery/fulldisplay?docid=alma9912750710605606&context=L&vid=48OMNIS_NLOP:48OMNIS_NLOP&lang=pl&search_scope=NLOP_IZ_NZ&adaptor=Local%20Search%20Engine&isFrbr=true&tab=LibraryCatalog&query=any%2Ccontains%2CHaruki%20Murakami&offset=0,,,,ISBN : 837319679X,,Wyd. 2.,Warszawa : Muza SA,,Kronika ptaka nakręcacza / Haruki Murakami.,821.521-3,626 s. ; 21 cm.,Powieść japońska -- 20 w,2005,,polski,Książki,,,
"Murakami, Haruki.",https://katalogi.bn.org.pl/discovery/fulldisplay?docid=alma9912751142405606&context=L&vid=48OMNIS_NLOP:48OMNIS_NLOP&lang=pl&search_scope=NLOP_IZ_NZ&adaptor=Local%20Search%20Engine&tab=LibraryCatalog&query=any%2Ccontains%2CHaruki%20Murakami&offset=0,,,,ISBN : 0 99 44877 7,,,Londyn : Vintage,,A wild sheep chase / Haruki Murakami.,821.521-3 =,299 s. ; 20 cm.,Powieść japońska -- 20 w,2003,,polski,,,"Dostępny w innej formie: Transformative pathways to sustainability : learning across disciplines, cultures and contexts",
"Murakami, Haruki",https://katalogi.bn.org.pl/discovery/fulldisplay?docid=alma9912783117805606&context=L&vid=48OMNIS_NLOP:48OMNIS_NLOP&lang=pl&search_scope=NLOP_IZ_NZ&adaptor=Local%20Search%20Engine&isFrbr=true&tab=LibraryCatalog&query=any%2Ccontains%2CHaruki%20Murakami&offset=0,,,,ISBN : 9788374952828,,[Wyd.3.],Warszawa : Muza S.A.,,"Na południe od granicy, na zachód słońca / Haruki Murakami ; przeł. z ang. Aldona Możdżyńska.",821.521-3,230 s. ; 21 cm.,Powieść japońska,2007,,polski,Książki,,,
"Murakami, Haruki",https://katalogi.bn.org.pl/discovery/fulldisplay?docid=alma9912783841905606&context=L&vid=48OMNIS_NLOP:48OMNIS_NLOP&lang=pl&search_scope=NLOP_IZ_NZ&adaptor=Local%20Search%20Engine&isFrbr=true&tab=LibraryCatalog&query=any%2Ccontains%2CHaruki%20Murakami&offset=0,,,,ISBN : 9788374954334,,,Warszawa : Warszawawskie Wydawnictwo Literackie Muza SA,,"Tańcz, tańcz, tańcz / Haruki Murakami; przeł. z jap. Anna Zielińska-Elliott.",821.521-3:82-311.1,528 s. ; 21 cm.,Powieść japońska psychlogiczna,2009,,polski,,,,
"Murakami, Haruki",https://katalogi.bn.org.pl/discovery/fulldisplay?docid=alma9912784878205606&context=L&vid=48OMNIS_NLOP:48OMNIS_NLOP&lang=pl&search_scope=NLOP_IZ_NZ&adaptor=Local%20Search%20Engine&isFrbr=true&tab=LibraryCatalog&query=any%2Ccontains%2CHaruki%20Murakami&offset=0,,,Powieść społeczno-obyczajowa,ISBN : 9788377583098,,Wyd. 2.,Warszawa : Muza SA,,Po zmierzchu / Haruki Murakami ; przeł. z japońskiego Anna Zielińska-Elliott.,821.521-3 : 82-311.2,198 s. ; 21 cm.,Powieść japońska,2013,,polski,Książki,,,
"Murakami, Haruki. Zielińska-Elliott, Anna. Tłumaczenie",https://katalogi.bn.org.pl/discovery/fulldisplay?docid=alma9913010487105606&context=L&vid=48OMNIS_NLOP:48OMNIS_NLOP&lang=pl&search_scope=NLOP_IZ_NZ&adaptor=Local%20Search%20Engine&isFrbr=true&tab=LibraryCatalog&query=any%2Ccontains%2CHaruki%20Murakami&offset=0,"Notka wydawnicza: Murakami w mistrzowski sposób buduje fantastyczne postaci, równoległe światy, zaciera granice między rzeczywistością a literaturą. 1Q84 to opowiadana na przemian historia kobiety i mężczyzny, Aomame Tengo, sensacyjna, chwilami wręcz przerażająca. Oboje dzieciństwie dobrze się znali wszystko wskazuje to, że ich ścieżki znowu skrzyżują. Ona jest instruktorką sztuk walki, masażystką, po godzinach perfekcyjną morderczynią. On - wykładowcą matematyki, wolnych chwilach początkującym pisarzem redaktorem. dostaje do innej rzeczywistości. Tengo desperacko próbują odnaleźć. postanawia powrócić normalnego świata, gdy jej nie udaje, podejmuje decyzję o samobójstwie. Ma nadzieję, ten porzuci drugą siebie żyjącą roku powróci zwykłego 1984. W tym samym czasie postanawia, spróbuje żyć świecie, którym niebie unoszą dwa księżyce, bo wie, tylko nim może spotkać swoją Aomame.",,Powieść japońska,ISBN : 9788374959360,,,"Warszawa : ""MUZA""",,1Q84. T. 2 / Haruki Murakami ; tł. Anna Zielińska-Elliott.,821.521-3,"414, [2] s. ; 21 cm.",,2013,,polski,Książki,,,
"Murakami, Haruki Horikoshi, Anna Tł.",https://katalogi.bn.org.pl/discovery/fulldisplay?docid=alma9913262006805606&context=L&vid=48OMNIS_NLOP:48OMNIS_NLOP&lang=pl&search_scope=NLOP_IZ_NZ&adaptor=Local%20Search%20Engine&isFrbr=true&tab=LibraryCatalog&query=any%2Ccontains%2CHaruki%20Murakami&offset=0,p,,,ISBN : 8373199608,,,W-wa : Warszawskie Wydawnictwo Literackie MUZA,,Koniec świata i Hard-boiled Wonderland / Haruki Murakami ; przeł. z jap. Anna Horikoshi.,821.521-3,478 s. ; 21 cm,Powieść japońska -- 21 w,2006,,polski,,,,
"Murakami, Haruki. Zielińska-Elliott, Anna. Redakcja",https://katalogi.bn.org.pl/discovery/fulldisplay?docid=alma9913005248205606&context=L&vid=48OMNIS_NLOP:48OMNIS_NLOP&lang=pl&search_scope=NLOP_IZ_NZ&adaptor=Local%20Search%20Engine&isFrbr=true&tab=LibraryCatalog&query=any%2Ccontains%2CHaruki%20Murakami&offset=0,,,Powieść japońska,,,,"Warszawa : ""MUZA"".",,1Q84 / Haruki Murakami ; tł. Anna Zielińska-Elliott.,821.521-3,21 cm.,,2006,,polski,Książki,"T. 1 (478, [2] s.); 2 (414, [1] 3 (510, s.).",,
"Murakami,, Haruki Zielińska-Elliott, Anna. Tłumaczenie",https://katalogi.bn.org.pl/discovery/fulldisplay?docid=alma9912784107705606&context=L&vid=48OMNIS_NLOP:48OMNIS_NLOP&lang=pl&search_scope=NLOP_IZ_NZ&adaptor=Local%20Search%20Engine&isFrbr=true&tab=LibraryCatalog&query=any%2Ccontains%2CHaruki%20Murakami&offset=0,,,Powieść psychologiczna,ISBN : 9788374954228,,Wyd.4.,Warszawa : Muza SA,,Przygoda z owcą / Haruki Murakami ; przeł. japońskiego Anna Zielińska-Elliott.,821.521-3 : 82-311.1,416 s. ; 21 cm.,Powieść japońska -- 21 w,2009,,polski,Książki,,,
"Murakami, Haruki. Zielińska-Elliott, Anna. Tłumaczenie",https://katalogi.bn.org.pl/discovery/fulldisplay?docid=alma9912862528905606&context=L&vid=48OMNIS_NLOP:48OMNIS_NLOP&lang=pl&search_scope=NLOP_IZ_NZ&adaptor=Local%20Search%20Engine&isFrbr=true&tab=LibraryCatalog&query=any%2Ccontains%2CHaruki%20Murakami&offset=10,,,,ISBN : 9788377580257,,Wyd.2.,Warszawa : Warszawskie Wydawnictwo Literackie Muza,,1Q84. T.1 / Haruki Murakami ; przeł. z ang. Anna Zielińska-Elliott.,821.521-3,"478,[2]s. ; 21cm.",Powieść japońska -- 21 w,2012,,polski,Książki,,,
"Murakami, Haruki (1949- ) Zielińska-Elliott, Anna (1963- Tłumaczenie",https://katalogi.bn.org.pl/discovery/fulldisplay?docid=alma9913336166405606&context=L&vid=48OMNIS_NLOP:48OMNIS_NLOP&lang=pl&search_scope=NLOP_IZ_NZ&adaptor=Local%20Search%20Engine&isFrbr=true&tab=LibraryCatalog&query=any%2Ccontains%2CHaruki%20Murakami&offset=10,,Literatura japońska,Pamiętniki japońskie,ISBN : 9788328706330,Tytuł oryginału: Shokugyo to shite no shosetsuka Zawód powieściopisarz,,Warszawa : Muza,,Zawód: powieściopisarz / Haruki Murakami ; przełożyła z japońskiego Anna Zielińska-Elliott.,"821.521(091):929-051(520)""19 / 20""",285 stron ; 21 cm.,"Murakami, Haruki (1949- ) Pisarze japońscy",2017,,polski,"Literatura faktu, eseje, publicystyka Książki",,,
"Murakami, Haruki (1949- ) Polak, Jędrzej (1958-2020) Tłumaczenie",https://katalogi.bn.org.pl/discovery/fulldisplay?docid=alma9913361780505606&context=L&vid=48OMNIS_NLOP:48OMNIS_NLOP&lang=pl&search_scope=NLOP_IZ_NZ&adaptor=Local%20Search%20Engine&isFrbr=true&tab=LibraryCatalog&query=any%2Ccontains%2CHaruki%20Murakami&offset=10,Na okładce: pamiętnik.,,Pamiętniki japońskie,ISBN : 9788374958066,Tyt. oryg.: Hashiru koto-ni tsuite kataru toki-ni boku-no koto Podst. przekł.: What I talk about when running : a memoir,Wydanie 1 (dodruk).,Warszawa : Muza,,"O czym mówię, kiedy mówię o bieganiu / Haruki Murakami ; przełożył z angielskiego Jędrzej Polak.","796.42 / .43(520):821.521(091)A / Z:929-051A / Z""2001 / ...""","190 stron, [8] stron tablic kolorowych ; 22 cm.","Murakami, Haruki (1949- ) Biegi -- Japonia od 2001 r Pisarze japońscy",2018,,polski,Książki,,,
"Murakami, Haruki (1949- ) Polak, Jędrzej (1958-2020) Tłumaczenie",https://katalogi.bn.org.pl/discovery/fulldisplay?docid=alma9913383269805606&context=L&vid=48OMNIS_NLOP:48OMNIS_NLOP&lang=pl&search_scope=NLOP_IZ_NZ&adaptor=Local%20Search%20Engine&isFrbr=true&tab=LibraryCatalog&query=any%2Ccontains%2CHaruki%20Murakami&offset=10,Na okł. podtyt.: pamiętnik.,,Pamiętniki japońskie,ISBN : 9788374958066,Tyt. oryg.: Hashiru koto-ni tsuite kataru toki-ni boku-no koto Podt.przekł.: What I talk about when running : a memoir,Wydanie pierwsze.,Warszawa : Muza,,"O czym mówię, kiedy mówię o bieganiu / Haruki Murakami ; przełożył z angielskiego Jędrzej Polak.","796.42 / .43(520):821.521(091)A / Z:929-081A / Z""2001 / ...""","190 stron, [8] stron tablic kolorowych ; 22 cm.","Murakami, Haruki (1949- ) Biegi -- Japonia od 2001 r Pisarze japońscy",2013,,polski,Książki,,,
"Murakami, Haruki (1949- ) Autor Morita, Hélène Tłumaczenie Ponzi, Emiliano (1978- Ilustracje",https://katalogi.bn.org.pl/discovery/fulldisplay?docid=alma9913579378705606&context=L&vid=48OMNIS_NLOP:48OMNIS_NLOP&lang=pl&search_scope=NLOP_IZ_NZ&adaptor=Local%20Search%20Engine&tab=LibraryCatalog&query=any%2Ccontains%2CHaruki%20Murakami&offset=10,,Literatura japońska,Esej,ISBN : 9782714495488,Tytuł oryginału: Neko o suteru : chichioya ni tsuite kataru toki,,Paris : Belfond,,Abandonner un chat : Souvenirs de mon père / Haruki Murakami ; tłumaczenie Hélène Morita ilustracje d'Emiliano Ponzi.,821.521-4,"388, [28] stron : ilustracje ; 23 cm.","Murakami, Haruki (1949- ) Ojcowie i synowie Pamięć autobiograficzna Wybory życiowe Japonia",2022,,francuski,"Książki Literatura faktu, eseje, publicystyka",,,
Murakami Haruki,https://katalogi.bn.org.pl/discovery/fulldisplay?docid=alma9914583489805606&context=L&vid=48OMNIS_NLOP:48OMNIS_NLOP&lang=pl&search_scope=NLOP_IZ_NZ&adaptor=Local%20Search%20Engine&tab=LibraryCatalog&query=any%2Ccontains%2CHaruki%20Murakami&offset=10,"Un pictor în vârstă de treizeci și șase ani de-abia divorțat se mută într-o casă singuratică izolată oraș, pe vârful unui munte, care i-o încredințează un amic, fiul celebrului nihonga Tomohiko Amada. Boemă, cu grădină și-n mijlocul pădurii, casa pare locul ideal ca tânărul să o ia la capăt, nefăcând altceva decât picteze încercând lase urmă criza inspirație. Numai că, scurtă vreme după ce hotărăște renunțe tablourile le pictează pentru bani, primește schimbul unei sume uriașe comandă portret din partea personaj misterios. Acesta conturează apariție deloc întâmplătoare viața pictorului. Așa cum nu fie întâmplător nici momentul când pictorul găsește, înfășurat hârtie ascuns privirii tuturor, tablou straniu aparținând stăpânului casei, înfățișând scene bizare inspirate opera lui Mozart, Don Giovanni .",,,ISBN : 973-46-7388-2,,,Polirom,,Uciderea Comandorului (vol. I): O idee isi face aparitia,,1 online resource (328 p.),,2019,,angielski,,,,
"Murakami, Haruki Marczewska, Dorota Przekł. Zielińska, Anna",https://katalogi.bn.org.pl/discovery/fulldisplay?docid=alma9912783151205606&context=L&vid=48OMNIS_NLOP:48OMNIS_NLOP&lang=pl&search_scope=NLOP_IZ_NZ&adaptor=Local%20Search%20Engine&isFrbr=true&tab=LibraryCatalog&query=any%2Ccontains%2CHaruki%20Murakami&offset=10,,,,ISBN : 9788377585085,,,Warszawa : Muza,,Norwegian Wood / Haruki Murakami;przeł. z jap. Dorota Marczewska i Anna Zielińska,821.521-3:82-311.2,317 s. ; 18 cm.,Powieść japońska -- 20 w społeczno-obyczajowa,2014,,polski,Książki,,,
"Murakami, Haruki (1949- ) Autor Morita, Hélène Tłumaczenie",https://katalogi.bn.org.pl/discovery/fulldisplay?docid=alma9913544238605606&context=L&vid=48OMNIS_NLOP:48OMNIS_NLOP&lang=pl&search_scope=NLOP_IZ_NZ&adaptor=Local%20Search%20Engine&isFrbr=true&tab=LibraryCatalog&query=any%2Ccontains%2CHaruki%20Murakami&offset=10,,Literatura japońska,Opowiadania i nowele,ISBN : 9782714495471,Tytuł oryginału: Ichininsho tansu,,Paris : Belfond,,Première personne du singulier / Haruki Murakami ; tłumaczenie Hélène Morita.,821.521-3,"150, [10] stron ; 23 cm.",Młodość Pamięć autobiograficzna Japonia,2022,,francuski,Książki Proza,,,
"Murakami, Haruki (1949- ) Logačev, S. Tłumaczenie",https://katalogi.bn.org.pl/discovery/fulldisplay?docid=alma9913382184705606&context=L&vid=48OMNIS_NLOP:48OMNIS_NLOP&lang=pl&search_scope=NLOP_IZ_NZ&adaptor=Local%20Search%20Engine&isFrbr=true&tab=LibraryCatalog&query=any%2Ccontains%2CHaruki%20Murakami&offset=10,,Literatura japońska,Powieść japońska,,,,"Moskwa : ""Eksmo""",,Horošij den' dlâ kenguru / Haruki Murakami ; [per. s âp. Sergeâ Logačeva].,821.521-3=161.1,"189, [3] s. ; 21 cm.",,2006,,rosyjski‎‏,Książki Proza,,,
"Murakami, Haruki (1949- ) Gräfe, Ursula Tłumaczenie",https://katalogi.bn.org.pl/discovery/fulldisplay?docid=alma9912879097305606&context=L&vid=48OMNIS_NLOP:48OMNIS_NLOP&lang=pl&search_scope=NLOP_IZ_NZ&adaptor=Local%20Search%20Engine&isFrbr=true&tab=LibraryCatalog&query=any%2Ccontains%2CHaruki%20Murakami&offset=10,,,Powieść japońska,ISBN : 3442735467 9783442735464,Norwegian wood,,München : btb Verlag,,Naokos lächeln nur eine liebesgeschichte : Roman / Haruki Murakami ; aus dem Japanischen von Ursula Gräfe.,821.521-3=112.2,415 s. ; 19 cm.,Literatura w języku niemieckim,2006,,niemiecki,,,,
"Murakami, Haruki (1949- ) Gräfe, Ursula Tłumaczenie",https://katalogi.bn.org.pl/discovery/fulldisplay?docid=alma9912869202905606&context=L&vid=48OMNIS_NLOP:48OMNIS_NLOP&lang=pl&search_scope=NLOP_IZ_NZ&adaptor=Local%20Search%20Engine&isFrbr=true&tab=LibraryCatalog&query=any%2Ccontains%2CHaruki%20Murakami&offset=20,"Tyt. oryg.: ""Umibe no Kafuka"" 2002.",,Powieść japońska,ISBN : 3-442-73323-5 9783442733231,Kafka nad morzem,Auf. 3.,München : btb Verlag,,Kafka am strand : roman / Haruki Murakami ; aus dem Japanischen von Ursula Gräfe.,821.521-3=112.2,636 s. ; 19 cm.,Literatura w języku niemieckim,2006,,niemiecki,,,,
"Murakami, Haruki (1949- ) Gräfe, Ursula Tłumaczenie",https://katalogi.bn.org.pl/discovery/fulldisplay?docid=alma9912873179005606&context=L&vid=48OMNIS_NLOP:48OMNIS_NLOP&lang=pl&search_scope=NLOP_IZ_NZ&adaptor=Local%20Search%20Engine&tab=LibraryCatalog&query=any%2Ccontains%2CHaruki%20Murakami&offset=20,"Tyt. oryg.: ""Afutadaku"" 2004.",,Powieść japońska,ISBN : 9783442735648,After dark Po zmierzchu,,München : btb Verlag,,Afterdark : Roman / Haruki Murakami ; aus dem Japanischen von Ursula Gräfe.,821.521-3=112.2,237 s. ; 19 cm.,Literatura w języku niemieckim,2007,,niemiecki,,,,
"Murakami, Haruki (1949- ) Kunikova, Natal'â. Tł. Izdatelʹstvo ""Èksmo"".",https://katalogi.bn.org.pl/discovery/fulldisplay?docid=alma9913363331805606&context=L&vid=48OMNIS_NLOP:48OMNIS_NLOP&lang=pl&search_scope=NLOP_IZ_NZ&adaptor=Local%20Search%20Engine&isFrbr=true&tab=LibraryCatalog&query=any%2Ccontains%2CHaruki%20Murakami&offset=20,16+.,,Powieść japońska,ISBN : 9785699529742,,,"Moskva : Izdatelʹstvo ""Èksmo""",,Moj lûbimyj sputnik / Haruki Murakami ; [perevod s âponskogo Natalʹi Kunikovoj].,,"317, [2] s. ; 18 cm.",,2016,,rosyjski‎‏,,,,Pocket book (Èksmo) PocketBook
"Murakami, Haruki (1949- ) Zielińska-Elliott, Anna (1963- Tłumaczenie",https://katalogi.bn.org.pl/discovery/fulldisplay?docid=alma9912871114405606&context=L&vid=48OMNIS_NLOP:48OMNIS_NLOP&lang=pl&search_scope=NLOP_IZ_NZ&adaptor=Local%20Search%20Engine&isFrbr=true&tab=LibraryCatalog&query=any%2Ccontains%2CHaruki%20Murakami&offset=20,"Tyt. przekł. ang.: All God's children can dance, tyt. oryg. jap.: Kami-no kodomotachi-wa mina odoru, 2000.",,Opowiadanie japońskie,ISBN : 9788377580639,Tytuł przekł. ang.: All god's children can dance,Wyd. 3.,Warszawa : Warszawskie Wydaw. Literackie Muza,,Wszystkie boże dzieci tańczą / Haruki Murakami ; przeł. z jap. Anna Zielińska-Elliott.,821.521-3,180 s. ; 21 cm.,,2011,,polski,,,,
"Murakami, Haruki (1949- ) Gräfe, Ursula (1956- ). tł.",https://katalogi.bn.org.pl/discovery/fulldisplay?docid=alma9913362459605606&context=L&vid=48OMNIS_NLOP:48OMNIS_NLOP&lang=pl&search_scope=NLOP_IZ_NZ&adaptor=Local%20Search%20Engine&tab=LibraryCatalog&query=any%2Ccontains%2CHaruki%20Murakami&offset=20,Tyt. oryg.: Kami no Kodomo-Tachi wa odoru bei Shinchosha.,,Opowiadanie japońskie Literatura japońska,ISBN : 3832178066,,,Köln : DuMont,,Nach dem Beben : Erzählungen / Haruki Murakami ; aus japanischen von Ursula Gräfe.,,,,2003,,niemiecki,,,,
"Murakami, Haruki (1949- ) Autor Morita, Hélène Tł.",https://katalogi.bn.org.pl/discovery/fulldisplay?docid=alma9913552079905606&context=L&vid=48OMNIS_NLOP:48OMNIS_NLOP&lang=pl&search_scope=NLOP_IZ_NZ&adaptor=Local%20Search%20Engine&tab=LibraryCatalog&query=any%2Ccontains%2CHaruki%20Murakami&offset=20,,,,ISBN : 9782714460684,Tyt. oryg.: Onna no inai Otokatach,,Paris : Belfond,,Des hommes sans femmes : nouvelles / Haruki Murakami ; trad. du japonais par Hélène Morita.,821.521-3=133.1,293 s. ; 23 cm.,Opowiadanie japońskie -- 21 w,2017,,francuski,,,,
"Murakami, Haruki (1949- ) Autor Rubin, Jay (1941- Tłumaczenie",https://katalogi.bn.org.pl/discovery/fulldisplay?docid=alma9913588605705606&context=L&vid=48OMNIS_NLOP:48OMNIS_NLOP&lang=pl&search_scope=NLOP_IZ_NZ&adaptor=Local%20Search%20Engine&isFrbr=true&tab=LibraryCatalog&query=any%2Ccontains%2CHaruki%20Murakami&offset=20,,Literatura japońska,Opowiadania i nowele,ISBN : 9780099448563 0099448564,Tytuł oryginału: Kami no kodomo-tachi wa mina odoru,,London : Vintage Books,,After the quake / Haruki Murakami ; translated from Japanese by Jay Rubin.,821.521-3=111,132 strony ; 20 cm.,,2003,,angielski,Książki Proza,,,
"Murakami, Haruki (1949- ) Autor Morita, Hélène Tłumaczenie",https://katalogi.bn.org.pl/discovery/fulldisplay?docid=alma9913574197805606&context=L&vid=48OMNIS_NLOP:48OMNIS_NLOP&lang=pl&search_scope=NLOP_IZ_NZ&adaptor=Local%20Search%20Engine&isFrbr=true&tab=LibraryCatalog&query=any%2Ccontains%2CHaruki%20Murakami&offset=20,,Literatura japońska,Powieść,ISBN : 9782714447074,Une Q Quatre-vingt-quatre Tytuł oryginału: 1Q84 : ichi-kew-hachi-yon,,Paris : Belfond,,1Q84. 1 / Haruki Murakami ; traduit du japonais par Helène Morita.,821.521-3=133.1,510 stron ; 21 cm.,2001-,2011,,francuski,Książki Proza,,,
"Murakami, Haruki (1949- ) Ortmanns, Annelie. Tłumaczenie",https://katalogi.bn.org.pl/discovery/fulldisplay?docid=alma9912872101105606&context=L&vid=48OMNIS_NLOP:48OMNIS_NLOP&lang=pl&search_scope=NLOP_IZ_NZ&adaptor=Local%20Search%20Engine&tab=LibraryCatalog&query=any%2Ccontains%2CHaruki%20Murakami&offset=20,"Tyt. oryg.: ""Hitsuji o meguro boken"" 1982.",,Powieść japońska,ISBN : 3442734746 9783442734740,Tyt. oryg.: Hitsuji o meguro boken Przygoda z owcą,,München : btb Verlag,,Wilde schafsjagd ; Roman / Haruki Murakami aus dem Japanischen von Annelie Ortmanns,821.521-3=112.2,312 s. ; 19 cm.,Literatura w języku niemieckim,2006,,niemiecki,,,,
"Murakami, Haruki (1949- ) Zielińska-Elliott, Anna (1963- Tłumaczenie",https://katalogi.bn.org.pl/discovery/fulldisplay?docid=alma9913337285405606&context=L&vid=48OMNIS_NLOP:48OMNIS_NLOP&lang=pl&search_scope=NLOP_IZ_NZ&adaptor=Local%20Search%20Engine&isFrbr=true&tab=LibraryCatalog&query=any%2Ccontains%2CHaruki%20Murakami&offset=20,Tytuł przekładu angielskiego: Killing Commendatore.,Literatura japońska,Powieść japońska psychologiczna Fantastyka,ISBN : 9788328710917 9788328710900,"Tytuł oryginału: Kishidanchō-goroshi. 1, Utsurou metafā hen Metafora się zmienia",,Warszawa : Muza,,"Śmierć Komandora. T. 2, Metafora się zmienia / Haruki Murakami ; przełożyła z japońskiego Anna Zielińska-Elliott.",821.521-3,"477, [3] strony ; 22 cm.",,2018,,polski,Książki Proza,,,
"Murakami, Haruki (1949- ) Autor Gräfe, Ursula Tłumaczenie",https://katalogi.bn.org.pl/discovery/fulldisplay?docid=alma9914633760005606&context=L&vid=48OMNIS_NLOP:48OMNIS_NLOP&lang=pl&search_scope=NLOP_IZ_NZ&adaptor=Local%20Search%20Engine&tab=LibraryCatalog&query=any%2Ccontains%2CHaruki%20Murakami&offset=30,,Literatura japońska,Powieść,ISBN : 9783832168391 (oprawa twarda) € 34 (D),"Die Stadt und ihre ungewisse mauer Tytuł oryginału: Machi to sono futashikana kabe, 2023 街とその不確かな壁, Miasto i jego nieuchwytny mur",1 Auflage.,Köln : Dumont,,Die Stadt und ihre ungewisse mauer : roman / Haruki Murakami ; aus dem Japanischen von Ursula Gräfe.,821.521-3,"637, [3] strony ; 22 cm.",Miasta Miłość Realizm magiczny,2024,,niemiecki,Książki Proza,,,
"Murakami, Haruki (1949- ) Autor TusQuets Editores Wydawca",https://katalogi.bn.org.pl/discovery/fulldisplay?docid=alma9914034467205606&context=L&vid=48OMNIS_NLOP:48OMNIS_NLOP&lang=pl&search_scope=NLOP_IZ_NZ&adaptor=Local%20Search%20Engine&isFrbr=true&tab=LibraryCatalog&query=any%2Ccontains%2CHaruki%20Murakami&offset=30,,Literatura japońska,Opowiadania i nowele,ISBN : 9788411071147 (oprawa miękka),Tytuł oryginału: Zo no shometsu,,Barcelona : Tusquets Editores,,El elefante desaparece / Haruki Murakami ; traducción de Fernando Cordobes y Yoko Ogihara.,821.521-3,344 ; 19 cm.,,2023,,hiszpański‎‏,Książki Proza,,,Colección Maxi ; 003 / 18
"Murakami, Haruki (1949- ) Autor Gabriel, Philip (1953- Tłumaczenie",https://katalogi.bn.org.pl/discovery/fulldisplay?docid=alma9914610234705606&context=L&vid=48OMNIS_NLOP:48OMNIS_NLOP&lang=pl&search_scope=NLOP_IZ_NZ&adaptor=Local%20Search%20Engine&tab=LibraryCatalog&query=any%2Ccontains%2CHaruki%20Murakami&offset=30,,Literatura japońska,Powieść,ISBN : 9781787304475 (oprawa twarda),,First published.,London : Harvill Secker,,The city and Its Uncertain Walls / Haruki Murakami ; translated from the japanese by Philip Gabriel.,821.521-3,449 stron ; 24 cm.,Bibliotekarki i bibliotekarze Miłość Poszukiwania zaginionych Podróże międzyplanetarne Tajemnica,2024,,angielski,Książki Proza,,,
"Murakami, Haruki (1949- ) Autor Goossen, Theodore William (1948- ). Tłumacz Vintage (Londyn). Wydawca",https://katalogi.bn.org.pl/discovery/fulldisplay?docid=alma9913345839705606&context=L&vid=48OMNIS_NLOP:48OMNIS_NLOP&lang=pl&search_scope=NLOP_IZ_NZ&adaptor=Local%20Search%20Engine&isFrbr=true&tab=LibraryCatalog&query=any%2Ccontains%2CHaruki%20Murakami&offset=30,Na okładce: Wind / Pinball two novels.,,Powieść japońska,ISBN : 9780099590392,"Pinball, 1973",,London : Vintage,,"Hear the wind sing and Pinball, 1973 / Haruki Murakami ; translated from japanese by Ted Goosen.",,"XVI, 152, 162 strony ; 20 cm.",,2015,,angielski,,,,
"Murakami, Haruki (1949- ) Rubin, Jay (1941- Tłumaczenie Gabriel, Philip.",https://katalogi.bn.org.pl/discovery/fulldisplay?docid=alma9913395123005606&context=L&vid=48OMNIS_NLOP:48OMNIS_NLOP&lang=pl&search_scope=NLOP_IZ_NZ&adaptor=Local%20Search%20Engine&isFrbr=true&tab=LibraryCatalog&query=any%2Ccontains%2CHaruki%20Murakami&offset=30,,Literatura japońska,Opowiadania i nowele,ISBN : 9780099488668,,,London : Vintage Books,,"Blind willow, sleeping woman / Haruki Murakami ; transl. from the japanese by Philip Gabriel and Jay Rubin.",821.521-3=111,"XI, 436 s. ; 20 cm.",Opowiadanie japońskie -- 20-21 w,2007,,angielski,Książki Proza,,,
"Murakami, Haruki (1949- ) Birnbaum, Alfred Tłumaczenie Rubin, Jay (1941-",https://katalogi.bn.org.pl/discovery/fulldisplay?docid=alma9910893638905606&context=L&vid=48OMNIS_NLOP:48OMNIS_NLOP&lang=pl&search_scope=NLOP_IZ_NZ&adaptor=Local%20Search%20Engine&isFrbr=true&tab=LibraryCatalog&query=any%2Ccontains%2CHaruki%20Murakami&offset=30,,,Opowiadanie japońskie,ISBN : 9780099448754,,,London : Vintage,,The Elephant vanishes / Haruki Murakami ; transl. from the japanese by Alfred Birnbaum & Jay Rubin.,821.521-3,327 s. ; 20 cm.,,2003,,angielski,,,,
"Murakami, Haruki (1949- ) Autor Goossen, Theodore William (1948- ). Tłumacz Gabriel, J. Philip (1953- Vintage (Londyn). Wydawca",https://katalogi.bn.org.pl/discovery/fulldisplay?docid=alma9914513819405606&context=L&vid=48OMNIS_NLOP:48OMNIS_NLOP&lang=pl&search_scope=NLOP_IZ_NZ&adaptor=Local%20Search%20Engine&isFrbr=true&tab=LibraryCatalog&query=any%2Ccontains%2CHaruki%20Murakami&offset=30,,,,ISBN : 9781784707330,,First published by Vintage.,London : Vintage,,Killing Commendatore / Haruki Murakami ; translated from the japanese by Philip Gabriel and Ted Goossen.,821.521-311.1 821.521-312.9,"[10], 681 stron, [5] kart tablic ; 20 cm.",Powieść japońska -- 21 w fantastyczna psychologiczna,2019,,angielski,,,,
"Murakami, Haruki (1949- ) Autor Porta Fuentes, Lourdes. Tłumaczenie Matsuura, Junichi.",https://katalogi.bn.org.pl/discovery/fulldisplay?docid=alma9913568947005606&context=L&vid=48OMNIS_NLOP:48OMNIS_NLOP&lang=pl&search_scope=NLOP_IZ_NZ&adaptor=Local%20Search%20Engine&tab=LibraryCatalog&query=any%2Ccontains%2CHaruki%20Murakami&offset=30,Tytuł oryginału wyrażony pismem japońskim.,Literatura japońska,Literatura LGBT Powieść,ISBN : 9788483835166,"Tytuł oryginału: Supūtoniku-no koibito, 1999",18.a edición en colección Maxi.,Barcelona : Tusquets Editores,,"Sputnik, mi amor / Haruki Murakami ; traducido del japonés por Lourdes Porta y Junichi Matsuura.",821.521-3,"[6], 244 strony ; 19 cm.",Miłość Przyjaźń Osoby transpłciowe Grecja,2018,,hiszpański‎‏,Proza Książki,,,Maxi (Barcelona) ; 003 / 4
"Murakami, Haruki (1949- )",https://katalogi.bn.org.pl/discovery/fulldisplay?docid=alma991036255869705066&context=L&vid=48OMNIS_NLOP:48OMNIS_NLOP&lang=pl&search_scope=NLOP_IZ_NZ&adaptor=Local%20Search%20Engine&tab=LibraryCatalog&query=any%2Ccontains%2CHaruki%20Murakami&offset=30,Tł. tyt. fragm.: Inwazja Hitlera na Polskę. M.in.: Hittorā-no Pōrando shinnyū. Japonia online.,,,ISBN : 4103534168,Hittorā-no Pōrando shinnyū,,Tōkyō : Shinchōsha,PZ 2440,Zō-no shōmetsu : tanpen senshū 1980-1991 / Murakami Haruki.,82-1 / -9(0.054),426 s. ; 19 cm.,,2005,,japoński,Książki,,,
"Murakami, Haruki (1949- ) Autor Kodansha Wydawca",https://katalogi.bn.org.pl/discovery/fulldisplay?docid=alma9913264258505606&context=L&vid=48OMNIS_NLOP:48OMNIS_NLOP&lang=pl&search_scope=NLOP_IZ_NZ&adaptor=Local%20Search%20Engine&tab=LibraryCatalog&query=any%2Ccontains%2CHaruki%20Murakami&offset=30,,Literatura japońska,Powieść,ISBN : 4062035154 (oprawa twarda),,Dai 22-satsu. 第二二刷.,Tōkyō : Kōdansha 東京 講談社,,Noruwei-no mori. Jō / Murakami Haruki. ノルウェイの森. 上 村上春樹.,,"[2], 267, [2] strony ; 20 cm.",1901-2000 1945-1989 Relacje międzyludzkie Rozterki miłosne Samobójstwo Uczucia Zdrowie psychiczne Japonia Tokio (Japonia),12.09.1988,,japoński,Książki Proza,,,
"Murakami, Haruki (1949- ) Autor Kodansha Wydawca",https://katalogi.bn.org.pl/discovery/fulldisplay?docid=alma9913252215505606&context=L&vid=48OMNIS_NLOP:48OMNIS_NLOP&lang=pl&search_scope=NLOP_IZ_NZ&adaptor=Local%20Search%20Engine&tab=LibraryCatalog&query=any%2Ccontains%2CHaruki%20Murakami&offset=40,,Literatura japońska,Powieść,ISBN : 406274869X (oprawa miękka),,Dai 30-satsu. 第30刷.,Tōkyō : Kōdansha 東京 講談社,,Noruwei-no mori. Ge / Murakami Haruki. ノルウェイの森. 下 村上春樹.,,"293, [3] strony ; 15 cm.",1901-2000 1945-1989 Relacje międzyludzkie Rozterki miłosne Samobójstwo Uczucia Zdrowie psychiczne Japonia Tokio (Japonia),08.07.2009,,japoński,Książki Proza,,,Kōdansha Bunko ; Mu-6-24 講談社文庫 む-6-24
"Murakami, Haruki Możdżyńska, Aldona Przekł.",https://katalogi.bn.org.pl/discovery/fulldisplay?docid=alma9912783754005606&context=L&vid=48OMNIS_NLOP:48OMNIS_NLOP&lang=pl&search_scope=NLOP_IZ_NZ&adaptor=Local%20Search%20Engine&tab=LibraryCatalog&query=any%2Ccontains%2CHaruki%20Murakami&offset=40,,,,ISBN : 9788377585689,,Wyd. 6.,Warszawa : Muza,,"Na południe od granicy / Haruki, Murakami; przeł. z ang. Aldona Możdźyńska",821.521-3:82-311.2,230 s. ; 21 cm.,Powieść japońska -- 20 w społeczno-obyczajowa,2013,,polski,Książki,,,
"Murakami, Haruki Autor Birnbaum, Alfred Tłumaczenie Gabriel, J. Philip (1953- ) Vintage International. Wydawca",https://katalogi.bn.org.pl/discovery/fulldisplay?docid=alma9912973159405606&context=L&vid=48OMNIS_NLOP:48OMNIS_NLOP&lang=pl&search_scope=NLOP_IZ_NZ&adaptor=Local%20Search%20Engine&tab=LibraryCatalog&query=any%2Ccontains%2CHaruki%20Murakami&offset=40,Na stronie [XI] plan metra w Tokio.,,Esej,ISBN : 9780375752807,Tokyo gas attack and the Japanes psyche,,New York : Vintage International,,Underground : the Tokyo gas attack and Japanese psyche / Haruki Murakami ; translated from by Alfred Birnbaum Philip Gabriel.,"2-79 =111 323.285(520)""1995""","[XI], 366 stron : mapa ; 20 cm.",1901-2000 1989-2000 Atak terrorystyczny w tokijskim metrze (1995) Bezpieczeństwo publiczne Sekty i nowe ruchy religijne Terroryzm Tokio (Japonia) Japonia,[200u],"++ Historia Polityka, politologia, administracja publiczna",angielski,"Literatura faktu, eseje, publicystyka Książki",,,
"Ozawa, Seiji (1935-2024) Murakami, Haruki (1949- ) Rubin, Jay (1941- Tł. Harvill Secker (Londyn).",https://katalogi.bn.org.pl/discovery/fulldisplay?docid=alma9914413104105606&context=L&vid=48OMNIS_NLOP:48OMNIS_NLOP&lang=pl&search_scope=NLOP_IZ_NZ&adaptor=Local%20Search%20Engine&tab=LibraryCatalog&query=any%2Ccontains%2CHaruki%20Murakami&offset=40,,,,ISBN : 9781846559181,Tyt oryg.: Ozawa Seiji-san to ongaku ni tsuite hanashi o suru,,London : Harvill Sacker,,Absolutely on music : conversation with Seiji Ozawa / Haruki Murakami ; translated from the Japanese by Jay Rubin.,,"XIX, [1], 329 s. ; 23 cm.","Ozawa, Seiji (1935-2024) Muzyka -- historia i krytyka",2016,,angielski,,,,
"Murakami, Haruki (1949- ) Rubin, Jay (1941- Tłumaczenie",https://katalogi.bn.org.pl/discovery/fulldisplay?docid=alma9912874567805606&context=L&vid=48OMNIS_NLOP:48OMNIS_NLOP&lang=pl&search_scope=NLOP_IZ_NZ&adaptor=Local%20Search%20Engine&isFrbr=true&tab=LibraryCatalog&query=any%2Ccontains%2CHaruki%20Murakami&offset=40,"Opowiadanie Haruki Murakami pt.: Birthday girl, translated from the Japanese by Jay Rubin.",,Opowiadanie amerykańskie irlandzkie japońskie Antologia,ISBN : 0099481553 9780099481553,,,London : Vintage,,Birthday stories / selected and introduced by Haruki Murakami.,821.111(73)-3 821.111(417)-3 821.521-3,"206, [4] s. ; 20 cm.",Literatura w języku angielskim Opowiadanie amerykańskie -- 21 irlandzkie japońskie Antologie,2006,,angielski,,,,Vintage Fiction
"Rubin, Jay (1941- ) Redakcja Murakami, Haruki (1949- Wstęp Penguin Random House Wydawca",https://katalogi.bn.org.pl/discovery/fulldisplay?docid=alma9912154256005606&context=L&vid=48OMNIS_NLOP:48OMNIS_NLOP&lang=pl&search_scope=NLOP_IZ_NZ&adaptor=Local%20Search%20Engine&tab=LibraryCatalog&query=any%2Ccontains%2CHaruki%20Murakami&offset=40,Bibliografia na stronach XXXIX-XLIV.,,,ISBN : 9780241311905,,,London : Penguin Books,,The Penguin book of Japanese short stories / introduced by Haruki Murakami ; edited and with notes Jay Rubin.,,"XLV, 517, [1] strona ; 20 cm.",,2019,,angielski,Książki,,,Penguin Classics The
"Murakami, Haruki Autor Chūō Kōronsha Wydawca",https://katalogi.bn.org.pl/discovery/fulldisplay?docid=alma9914016088105606&context=L&vid=48OMNIS_NLOP:48OMNIS_NLOP&lang=pl&search_scope=NLOP_IZ_NZ&adaptor=Local%20Search%20Engine&tab=LibraryCatalog&query=any%2Ccontains%2CHaruki%20Murakami&offset=40,"Zawiera również tłumaczenia dwóch opowiadań Fitzgeralda: ""On your own"" i ""The rich boy"" przełożonych na japoński przez Murakamiego.",Literatura amerykańska,Biografia Opowiadania i nowele,ISBN : 4122017955,,,Tōkyō : Chūō Kōronsha 東京 中央公論社,,Za Sukotto Fittsujerarudo bukku / Murakami Haruki cho. ザ・スコット・フィッツジェラルド・ブック 村上春樹 著.,,"318, [10] stron : ilustracje, fotografie, plany ; 16 cm.","Fitzgerald, F. Scott (1896-1940) 1801-1900 1901-2000 1901-1914 1914-1918 1918-1939 1939-1945 1945-1989 Pisarze amerykańscy",10.04.1991,,japoński,"Książki Literatura faktu, eseje, publicystyka Proza",,,Chūkō Bunko ; Mu-4-2 中公文庫 む-4-2
"Murakami, Haruki (1949- ) Autor Zielińska-Elliott, Anna (1963- Tłumaczenie Pągowska, Urszula Ilustracje Muza Wydawca",https://katalogi.bn.org.pl/discovery/fulldisplay?docid=alma991053011307905066&context=L&vid=48OMNIS_NLOP:48OMNIS_NLOP&lang=pl&search_scope=NLOP_IZ_NZ&adaptor=Local%20Search%20Engine&tab=LibraryCatalog&query=any%2Ccontains%2CHaruki%20Murakami&offset=40,,Literatura japońska,Esej,ISBN : 9788328722125 (oprawa miękka) zł 40,"Tytuł oryginału: Neko o suteru : chichioya ni tsuite kataru toki, 2020 猫を棄てる 父親について語るとき, wersji angielskiej: Abandoning a cat when i talk about my father Wspomnienie ojcu",Wydanie I.,Warszawa : Muza Warszawskie Wydawnictwo Literackie,UWD 2022 / 19593,"Porzucenie kota : wspomnienie o ojcu / Haruki Murakami ; przełożyła Anna Zielińska-Elliott [ilustracje, opracowanie graficzne i typograficzne: Ula Pągowska].",821.521-4,"77, [3] strony : ilustracje ; 18 cm.","Murakami, Haruki (1949- ) 1901-2000 2001- II wojna światowa (1939-1945) Ojcowie i synowie Pamięć autobiograficzna Pisarze japońscy Wybory życiowe Japonia",2022,Historia,polski,"Książki Literatura faktu, eseje, publicystyka",,,
"Murakami, Haruki (1949- ) Autor Kłobukowski, Michał (1951- Tłumaczenie Wydawnictwo Czarne Wydawca",https://katalogi.bn.org.pl/discovery/fulldisplay?docid=alma991052902411605066&context=L&vid=48OMNIS_NLOP:48OMNIS_NLOP&lang=pl&search_scope=NLOP_IZ_NZ&adaptor=Local%20Search%20Engine&isFrbr=true&tab=LibraryCatalog&query=any%2Ccontains%2CHaruki%20Murakami&offset=40,Książka dostępna także jako e-book.,Literatura japońska,Reportaż,"ISBN : 9788381911733 (oprawa twarda) zł 49,90","Tytuł oryginału: Underground, 1997 Największy zamach w Tokio",Wydanie I.,Wołowiec : Wydawnictwo Czarne,UWD 2021 / 20775,Podziemie : największy zamach w Tokio / Haruki Murakami ; przełożył Michał Kłobukowski.,"94(520)""19"" 323.285(520) 2-79 (047)","478, [2] strony : ilustracje, mapy ; 23 cm.",1901-2000 1989-2000 Atak terrorystyczny w tokijskim metrze (1995) Broń gazowa Metro Ofiary przestępstw Sekty i nowe ruchy religijne Stres pourazowy Świadkowie Terroryzm Tokio (Japonia),2021,Historia Socjologia i społeczeństwo,polski,"Książki Literatura faktu, eseje, publicystyka",,,Reportaż - Wydawnictwo Czarne
"Murakami, Haruki (1949- ) Bierich, Nora. Tłumaczenie Rowohlt Taschenbuch Verlag",https://katalogi.bn.org.pl/discovery/fulldisplay?docid=alma9912152797305606&context=L&vid=48OMNIS_NLOP:48OMNIS_NLOP&lang=pl&search_scope=NLOP_IZ_NZ&adaptor=Local%20Search%20Engine&tab=LibraryCatalog&query=any%2Ccontains%2CHaruki%20Murakami&offset=40,,,,ISBN : 3499222507,,8. Aufl.,Hamburg : Rowohlt Taschenbuch Verlag,,Wie ich eines schönen Morgens im April das 100%ige Mädchen sah : Erzählungen / Haruki Murakami ; aus dem Japonischen von Nora Bierich.,,"217, [1] s. ; 19 cm.",,2003,,niemiecki,Książki,,,Rororo 0720-0943 22250 ;
"Murakami, Haruki (1949- ) Bandini, Ditte (1956- Tł. Giovanni (1951-",https://katalogi.bn.org.pl/discovery/fulldisplay?docid=alma9913392060305606&context=L&vid=48OMNIS_NLOP:48OMNIS_NLOP&lang=pl&search_scope=NLOP_IZ_NZ&adaptor=Local%20Search%20Engine&isFrbr=true&tab=LibraryCatalog&query=any%2Ccontains%2CHaruki%20Murakami&offset=50,"Oryg. tyt.: Kokkyo no Miniami, Taiyo Nishi bei Kodansha. Dostępna również w postaci dokumentu dźwiękowego na CD.",,Powieść japońska Literatura,ISBN : 3770147812,,,Köln : Dumont Buchverlag,,Gefährliche Geliebte / Haruki Murakami ; aus dem Englischen von Giovanni Bandini und Ditte Bandini.,,"229, [1] s. ; 21 cm.",,2001,,niemiecki,,,,
"Murakami, Haruki (1949- ) Autor Gabriel, Philip (1953- Tłumaczenie Alfred A. Knopf (Nowy Jork) Wydawca",https://katalogi.bn.org.pl/discovery/fulldisplay?docid=alma9914281896305606&context=L&vid=48OMNIS_NLOP:48OMNIS_NLOP&lang=pl&search_scope=NLOP_IZ_NZ&adaptor=Local%20Search%20Engine&isFrbr=true&tab=LibraryCatalog&query=any%2Ccontains%2CHaruki%20Murakami&offset=50,,Literatura japońska,Powieść,ISBN : 9780385352109 (oprawa twarda),"Tytuł oryginału: Shikisai o motanai Tazaki Tsukuru to, kare no junrei toshi",,New York : Alfred A. Knopf,,Colorless Tsukuru Tazaki and his years of pilgrimage / Haruki Murakami ; translated from the Japan by Philip Gabriel.,,386 stron : ilustracje ; 19 cm.,,2014,,angielski,Książki Proza,,,
"Murakami, Haruki (1949- ) Autor Morita, Hélène Tłumaczenie Atlan, Corinne Menschik, Kat (1968- Ilustracje ). Éditions Pierre Belfond Wydawca",https://katalogi.bn.org.pl/discovery/fulldisplay?docid=alma9914189354905606&context=L&vid=48OMNIS_NLOP:48OMNIS_NLOP&lang=pl&search_scope=NLOP_IZ_NZ&adaptor=Local%20Search%20Engine&tab=LibraryCatalog&query=any%2Ccontains%2CHaruki%20Murakami&offset=50,,Literatura japońska,Opowiadania i nowele,ISBN : 9782264061294 (oprawa miękka),"Tytuł oryginału: Pan-ya shugeki, 1981 saishugeki, 1985",,Paryż : Belfond,,Les attaques de la boulangerie / Haruki Murakami ; traduit du japonais par Hélène Morita et Corinne Atlan illustrations Kat Menschik.,821.521-3,"72, [5] stron : ilustracje ; 18 cm.",Głód Relacje międzyludzkie Tokio (Japonia),© 2012,,francuski,Książki Proza,L'attaque de la boulangerie ; La seconde Attaque boulangerie.,,
"Murakami, Haruki (1949- ) Autor Rubin, Jay (1941- Tłumaczenie Goossen, Ted. Gabriel, J. Philip (1953- ). Vintage (Londyn). Wydawca",https://katalogi.bn.org.pl/discovery/fulldisplay?docid=alma9912876637905606&context=L&vid=48OMNIS_NLOP:48OMNIS_NLOP&lang=pl&search_scope=NLOP_IZ_NZ&adaptor=Local%20Search%20Engine&tab=LibraryCatalog&query=any%2Ccontains%2CHaruki%20Murakami&offset=50,Tekst w języku angielskim.,Literatura japońska,Opowiadania i nowele,ISBN : 9781784872632,,,London : Vintage,,"Desire / Haruki Murakami ; translated from the Japanese by Jay Rubin, Ted Goossen and Philip Gabriel.",811.521-3,"109, [2] strony ; 18 cm.",Literatura w języku angielskim,2017,,angielski polski,Książki Proza,,,Vintage Minis
"Murakami, Haruki (1949- ) Autor Shinchōsha (Tokio) Wydawca",https://katalogi.bn.org.pl/discovery/fulldisplay?docid=alma9913251723405606&context=L&vid=48OMNIS_NLOP:48OMNIS_NLOP&lang=pl&search_scope=NLOP_IZ_NZ&adaptor=Local%20Search%20Engine&tab=LibraryCatalog&query=any%2Ccontains%2CHaruki%20Murakami&offset=50,,Literatura japońska,Powieść,ISBN : 9784101001425 (oprawa miękka),,24-satsu. 二十四刷.,Tōkyō : Shinchōsha 東京 新潮社,,"Nejimaki-dori kuronikuru. Dai 2-bu, Yogen suru tori hen / Murakami Haruki cho. ねじまき鳥クロニクル. 第2部, 予言する鳥編 村上春樹 著.",,"361, [7] stron ; 16 cm.",1901-2000 1945-1989 Małżeństwo Poczucie straty Poszukiwania zaginionych Relacje międzyludzkie Japonia,25.04.2007,,japoński,Książki Proza,,,Shinchō Bunko ; Mu-5-12 新潮文庫 む-5-12
"Murakami, Haruki (1949- ) Autor Shinchōsha (Tokio) Wydawca",https://katalogi.bn.org.pl/discovery/fulldisplay?docid=alma9913251717305606&context=L&vid=48OMNIS_NLOP:48OMNIS_NLOP&lang=pl&search_scope=NLOP_IZ_NZ&adaptor=Local%20Search%20Engine&tab=LibraryCatalog&query=any%2Ccontains%2CHaruki%20Murakami&offset=50,Bibliografia na stronie [510].,Literatura japońska,Powieść,ISBN : 9784101001432 (oprawa miękka),,25-satsu. 二十五刷.,Tōkyō : Shinchōsha 東京 新潮社,,"Nejimaki-dori kuronikuru. Dai 3-bu, Yogen suru tori hen / Murakami Haruki cho. ねじまき鳥クロニクル. 第2部, 予言する鳥編 村上春樹 著.",,"509, [3] strony ; 16 cm.",1901-2000 1945-1989 Małżeństwo Poczucie straty Poszukiwania zaginionych Relacje międzyludzkie Japonia,25.04.2007,,japoński,Książki Proza,,,Shinchō Bunko ; Mu-5-13 新潮文庫 む-5-13
"Murakami, Haruki (1949- ) Autor Shinchōsha (Tokio) Wydawca",https://katalogi.bn.org.pl/discovery/fulldisplay?docid=alma9913251754305606&context=L&vid=48OMNIS_NLOP:48OMNIS_NLOP&lang=pl&search_scope=NLOP_IZ_NZ&adaptor=Local%20Search%20Engine&tab=LibraryCatalog&query=any%2Ccontains%2CHaruki%20Murakami&offset=50,,Literatura japońska,Science fiction Powieść,ISBN : 4101001340 (oprawa miękka),,27-satsu. 二十七刷.,Tōkyō : Shinchōsha 東京 新潮社,,Sekai-no owari-to hādo boirudo wandārando. Jō / Murakami Haruki. 世界の終りとハードボイル七ワンダーランド. 上 村上春樹.,,"397, [3] strony : ilustracje ; 15 cm.",Cybernetyka Eksperymenty Podświadomość Rzeczywistość alternatywna Japonia Tokio (Japonia),25.05.1998,,japoński,Książki Proza,,,Shinchō Bunko ; Mu-5-4 新潮文庫 む-5-4
"Murakami, Haruki (1949- ) Autor Shinchōsha (Tokio) Wydawca",https://katalogi.bn.org.pl/discovery/fulldisplay?docid=alma9913251745905606&context=L&vid=48OMNIS_NLOP:48OMNIS_NLOP&lang=pl&search_scope=NLOP_IZ_NZ&adaptor=Local%20Search%20Engine&tab=LibraryCatalog&query=any%2Ccontains%2CHaruki%20Murakami&offset=50,Bibliografia na stronie [313].,Literatura japońska,Powieść,ISBN : 9784101001418 (oprawa miękka),,28-satsu. 二十八刷.,Tōkyō : Shinchōsha 東京 新潮社,,"Nejimaki-dori kuronikuru. Dai 1-bu, Dorobō kasasagi hen / Murakami Haruki cho. ねじまき鳥クロニクル. 第1部, 泥棒かささぎ編 村上春樹 著.",,"312, [8] stron ; 16 cm.",1901-2000 1945-1989 Bezrobotni Koty Małżeństwo Relacje międzyludzkie Japonia,20.04.2007,,japoński,Książki Proza,,,Shinchō Bunko ; Mu-5-11 新潮文庫 む-5-11
"Murakami, Haruki (1949- ) Autor Shinchōsha (Tokio) Wydawca",https://katalogi.bn.org.pl/discovery/fulldisplay?docid=alma9913251747005606&context=L&vid=48OMNIS_NLOP:48OMNIS_NLOP&lang=pl&search_scope=NLOP_IZ_NZ&adaptor=Local%20Search%20Engine&tab=LibraryCatalog&query=any%2Ccontains%2CHaruki%20Murakami&offset=50,Bibliografia na stronie [348].,Literatura japońska,Science fiction Powieść,ISBN : 4101001359 (oprawa miękka),,40-satsu. 四十刷.,Tōkyō : Shinchōsha 東京 新潮社,,Sekai-no owari-to hādo boirudo wandārando. Ge / Murakami Haruki. 世界の終りとハードボイル七ワンダーランド. 下 村上春樹.,,"347, [5] stron : ilustracje ; 15 cm.",Cybernetyka Eksperymenty Podświadomość Rzeczywistość alternatywna Japonia Tokio (Japonia),30.05.2003,,japoński,Książki Proza,,,Shinchō Bunko ; Mu-5-5 新潮文庫 む-5-5
"Murakami, Haruki (1949- ) Autor Kim, Ch'unmi Tłumaczenie Munsa Wydawca",https://katalogi.bn.org.pl/discovery/fulldisplay?docid=alma9914006251005606&context=L&vid=48OMNIS_NLOP:48OMNIS_NLOP&lang=pl&search_scope=NLOP_IZ_NZ&adaptor=Local%20Search%20Engine&isFrbr=true&tab=LibraryCatalog&query=any%2Ccontains%2CHaruki%20Murakami&offset=50,Na stronie redakcyjnej tytuł oryginalny zapisany w transliteracji. Oryginalny zapis: 海辺のカフカ.,Literatura japońska,Powieść,ISBN : 9788970128085 (oprawa twarda) KRW 15000 9788970128108 (całość),Tytuł oryginału: Umibe no Kafka 2002,Wydanie 2.,Paju : Munhaksasang,,Haebyŏnŭi K'ap'ŭk'a = Kafka on the shore : sang / Murak'ami Haruk'i changp'yŏnsosŏl ; Kim Ch'unmi omkim. 해변의 카프카 상 무라카미 하루키 장편소설 김춘미 옮김.,821.521-3,"417, [3] stron ; 20 cm.","Biblioteki Klątwa Koty Nastolatki Ucieczki dzieci z domów Zabójstwo Sikoku (Japonia , wyspa) Tokio (Japonia)",2023,,koreański,Książki Proza,,,
"Murakami, Haruki (1949- ) Autor Rubin, Jay (1941- Tłumaczenie Gabriel, Philip (1953- Vintage Books Wydawca",https://katalogi.bn.org.pl/discovery/fulldisplay?docid=alma9914607290105606&context=L&vid=48OMNIS_NLOP:48OMNIS_NLOP&lang=pl&search_scope=NLOP_IZ_NZ&adaptor=Local%20Search%20Engine&tab=LibraryCatalog&query=any%2Ccontains%2CHaruki%20Murakami&offset=60,Na okładce: The complete trilogy.,Literatura japońska,Powieść,"ISBN : 9780099578079 (oprawa miękka) £ 16,99",Znane też jako: Ichi-kew-hachi-yon Ichi-kyū-hachi-yon いちきゅうはちよん,,London : Vintage Books,,1Q84 / Haruki Murakami ; translated from the Japanese by Jay Rubin and Philip Gabriel.,821.521-3,"[8], 1318, [2] strony ; 20 cm.",1901-2000 1945-1989 Nauczyciele matematyki Pisarze Rzeczywistość alternatywna Sekty i nowe ruchy religijne Trenerzy instruktorzy sportowi Zabójcy Tokio (Japonia),2012,,angielski,Książki Proza,,,
"Murakami, Haruki (1949- ) Autor ). Zielińska-Elliott, Anna (1963- Tłumaczenie Muza Wydawca",https://katalogi.bn.org.pl/discovery/fulldisplay?docid=alma991053122359705066&context=L&vid=48OMNIS_NLOP:48OMNIS_NLOP&lang=pl&search_scope=NLOP_IZ_NZ&adaptor=Local%20Search%20Engine&isFrbr=true&tab=LibraryCatalog&query=any%2Ccontains%2CHaruki%20Murakami&offset=60,,Literatura japońska,Powieść obyczajowa,"ISBN : 9788328733329 (oprawa miękka) zł 46,90","Tytuł oryginału: Kaze no uta o kike, 1979 風の歌を聴け, 1973-nen pinbōru, 1980 1973年のピンボール,",Wydanie II.,Warszawa : Muza Warszawskie Wydawnictwo Literackie,UWD 2024 / 32482,Słuchaj pieśni wiatru ; Flipper roku 1973 / Haruki Murakami przełożyła z japońskiego Anna Zielińska-Elliott.,821.521-3,"316, [4] strony ; 20 cm.",1901-2000 1945-1989 Automaty do gier Studenci Japonia,2024,,polski,Książki Proza,,,
"Murakami, Haruki (1949- ) Autor Morita, Hélène Tłumaczenie Oono, Tomoko Redakcja",https://katalogi.bn.org.pl/discovery/fulldisplay?docid=alma9913286632005606&context=L&vid=48OMNIS_NLOP:48OMNIS_NLOP&lang=pl&search_scope=NLOP_IZ_NZ&adaptor=Local%20Search%20Engine&tab=LibraryCatalog&query=any%2Ccontains%2CHaruki%20Murakami&offset=60,Stanowi część 2 cyklu.,Literatura japońska,Powieść psychologiczna,"ISBN : 9782714478399 EUR 23,90","Tytuł oryginału: Kishidanchô goroshi, 2017 wersji polskiej : Śmierć Komandora metafora się zmienia, 2018",,Paris : Belfond,,Le meurtre du commandeur : la métaphore se déplace. l. 2 / traduit japonais par Hélène Morita ; avec collaboration de Tomoko Oono.,821.521-3,"472, [7] stron ; 23 cm.",Nadzieja Natchnienie Pisarze Sztuka Japonia,© 2018,,francuski,Książki Proza,,,
"Murakami, Haruki (1949- ) Wywiad Ozawa, Seiji (1935-2024) Zielińska-Elliott, Anna (1963- Tłumaczenie Muza Wydawca",https://katalogi.bn.org.pl/discovery/fulldisplay?docid=alma991053054889305066&context=L&vid=48OMNIS_NLOP:48OMNIS_NLOP&lang=pl&search_scope=NLOP_IZ_NZ&adaptor=Local%20Search%20Engine&tab=LibraryCatalog&query=any%2Ccontains%2CHaruki%20Murakami&offset=60,,,Wywiad-rzeka,ISBN : 9788328724112 (oprawa miękka) zł 47,"Tytuł oryginału: Ozawa Seiji san to, ongaku ni tsuite hanashi o suru, 2011",Wydanie I.,Warszawa : Muza Warszawskie Wydawnictwo Literackie,UWD 2022 / 39184,"Rozmowy o muzyce / Haruki Murakami, Seiji Ozawa ; przełożyła z japońskiego Anna Zielińska-Elliott.","78.071.2(520) 821.521(091)""20"" (047)","349, [3] strony ; 21 cm.","Murakami, Haruki (1949- ) Ozawa, Seiji (1935-2024) 1901-2000 1945-1989 1989-2000 2001- Dyrygenci japońscy Muzyka poważna Pisarze",2022,Historia Kultura i sztuka,polski,"Książki Literatura faktu, eseje, publicystyka",,,
"Akutagawa, Ryūnosuke (1892-1927) Autor Rubin, Jay (1941- ) Tł. Murakami, Haruki (1949- Wstęp",https://katalogi.bn.org.pl/discovery/fulldisplay?docid=alma9914504749705606&context=L&vid=48OMNIS_NLOP:48OMNIS_NLOP&lang=pl&search_scope=NLOP_IZ_NZ&adaptor=Local%20Search%20Engine&isFrbr=true&tab=LibraryCatalog&query=any%2Ccontains%2CHaruki%20Murakami&offset=60,Na okł.: New translation. Bibliogr. w przypisach s. [237]-268.,,,ISBN : 9780140449709 0140449701,,,London : Penguin Books,,Rashomon and seventeen other stories / Ryunosuke Akutagawa ; selected transl. with notes by Jay Rubin an introd. Haruki Murakami.,895.6-3:82-311.1:82-311.5:82-311.6,"LI, 268 s. ; 20 cm.",Opowiadanie japońskie -- 20 w historyczne psychologiczne satyryczne,2006,,angielski,,,,Penguin Classics
"Shapard, Robert (1942- ) Redakcja Thomas, James (1946- Murakami, Haruki (1949- Tłumaczenie Ogawa, Takayoshi (1956- Milenski, Paul.",https://katalogi.bn.org.pl/discovery/fulldisplay?docid=alma991039395239705066&context=L&vid=48OMNIS_NLOP:48OMNIS_NLOP&lang=pl&search_scope=NLOP_IZ_NZ&adaptor=Local%20Search%20Engine&isFrbr=true&tab=LibraryCatalog&query=any%2Ccontains%2CHaruki%20Murakami&offset=60,"Źródło opisu: https: / www.amazon.co.jp / SUDDEN-FICTION%E2%80%95%E8%B6%85%E7%9F%AD%E7%B7%A8%E5%B0%8F%E8%AA%AC70-%E6%96%87%E6%98%A5%E6%96%87%E5%BA%AB-%E3%83%AD%E3%83%90%E3%83%BC%E3%83%88-%E3%82%B7%E3%83%A3%E3%83%91%E3%83%BC%E3%83%89 / dp / 4167254026 / ref=sr_1_1?ie=UTF8&qid=1515400665&sr=8-1&keywords=4167254026, dostęp 8.01.2018.",Literatura amerykańska,Antologia Opowiadania i nowele,ISBN : 4167254026 JPY 781,"Tytuł oryginału: Sudden fiction : American short-short stories, 1986 Tickits,",Dai 14 suri.,Tōkyō : Bungei Shunjū,PZ 2010,"Sudden fiction = Chō tanpen shōsetsu 70 / Robāto Shapādo, Jēmuzu Tōmasu hen ; Murakami Haruki, Ogawa Takayoshi yaku. 超短編小説70 ロバート・シャパード, ジェームズ・トーマス 編 村上春樹, 小川高義 訳.",82-1 / -9(0.054),569 stron ; 16 cm.,,2007,,japoński,Książki Proza,Ihan kippu / Pōru Mirensukī. 違反きっぷ ポール・ミレンスキー.,,Bunshun Bunko
"Murakami, Haruki (1949- ) Autor Zielińska-Elliott, Anna (1963- Tłumaczenie Muza",https://katalogi.bn.org.pl/discovery/fulldisplay?docid=alma991040208589705066&context=L&vid=48OMNIS_NLOP:48OMNIS_NLOP&lang=pl&search_scope=NLOP_IZ_NZ&adaptor=Local%20Search%20Engine&isFrbr=true&tab=LibraryCatalog&query=any%2Ccontains%2CHaruki%20Murakami&offset=60,,Literatura japońska,Opowiadania i nowele,"ISBN : 9788328700925 (oprawa twarda) zł 39,90 9788328700918 miękka) OCLC (OCoLC)932184148","Tyuł oryginału: Onna no inai otokotachi, 2014",Wydanie I.,Warszawa : Warszawskie Wydawnictwo Literackie Muza,UWD 2015 / 30649,Mężczyźni bez kobiet / Haruki Murakami ; przełożyła z japońskiego Anna Zielińska-Elliott.,821.521-3,"316, [4] strony ; 21 cm.",Miłość Samotność Mężczyzna Kobieta,2015,,polski,Książki Proza,,,
"Murakami, Haruki (1949- ) Autor Zielińska-Elliott, Anna (1963- Tłumaczenie Muza Wydawca",https://katalogi.bn.org.pl/discovery/fulldisplay?docid=alma991053122606305066&context=L&vid=48OMNIS_NLOP:48OMNIS_NLOP&lang=pl&search_scope=NLOP_IZ_NZ&adaptor=Local%20Search%20Engine&tab=LibraryCatalog&query=any%2Ccontains%2CHaruki%20Murakami&offset=60,W obrębie wydania nakłady w oprawie twardej lub miękkiej. Nakład miękkiej o wysokości grzbietu 20 cm. z różnymi ISBN-ami. cenami.,Literatura japońska,Powieść,"ISBN : 9788328733855 (oprawa twarda) zł 74,90 9788328732490 miękka) 64,90","Tytuł oryginału: Machi to sono futashika na kabe, 2023 街とその不確かな壁,",Wydanie I.,Warszawa : Muza Warszawskie Wydawnictwo Literackie,UWD 2024 / 33854,Miasto i jego nieuchwytny Mur / Haruki Murakami ; przełożyła z japońskiego Anna Zielińska-Elliott.,821.521-3,"510, [2] strony ; 21 cm.",Miasta Miłość Realizm magiczny Japonia,2024,,polski,Książki Proza,,,
"Murakami, Haruki (1949- ) Birnbaum, Alfred (1957- ). Tłumaczenie Kōdansha Intānashonaru Kabushiki Kaisha",https://katalogi.bn.org.pl/discovery/fulldisplay?docid=alma9912105885505606&context=L&vid=48OMNIS_NLOP:48OMNIS_NLOP&lang=pl&search_scope=NLOP_IZ_NZ&adaptor=Local%20Search%20Engine&tab=LibraryCatalog&query=any%2Ccontains%2CHaruki%20Murakami&offset=60,,,,ISBN : 9784770022080,Tyt. oryg.: 1973-nen no Pinboru,,Tokyo : Kodansha International,,"Pinball, 1973 / Haruki Murakami ; translated by Alfred Birnbaum.",,"215, [1] s. ; 15 cm.",,[post 2007],,angielski,Książki,,,Kodansha English Library 12 library ;
"Murakami, Haruki (1949- ) Zielińska-Elliott, Anna (1963- Tłumaczenie Muza Wydawca",https://katalogi.bn.org.pl/discovery/fulldisplay?docid=alma9912945673005606&context=L&vid=48OMNIS_NLOP:48OMNIS_NLOP&lang=pl&search_scope=NLOP_IZ_NZ&adaptor=Local%20Search%20Engine&isFrbr=true&tab=LibraryCatalog&query=any%2Ccontains%2CHaruki%20Murakami&offset=60,,Literatura japońska.,Powieść,ISBN : 9788328710900 9788328710917,"Metafora się zmienia. Kishidanchō-goroshi. 2017. Tytuł oryginału: 2, Dainibu Utsurou metafā hen,",,Warszawa : Warszawskie Wydawnictwo Literackie Muza,,"Śmierć Komandora. Haruki Murakami ; przełożyła z japońskiego Anna Zielińska-Elliot. 2, Metafora się zmienia",821.521-3,"477, [3] strony ; 22 cm.",Przyjaźń Lojalność Tożsamość osobista Rozstanie Mężczyzna Malarze japońscy Japonia,2018,,polski,Książki. Proza.,,,
"Fitzgerald, F. Scott (1896-1940) Autor Wilson, Edmund (1895-1972) Opracowanie Murakami, Haruki (1949- ) Wstęp Scribner & Co. Wydawca",https://katalogi.bn.org.pl/discovery/fulldisplay?docid=alma9914292977705606&context=L&vid=48OMNIS_NLOP:48OMNIS_NLOP&lang=pl&search_scope=NLOP_IZ_NZ&adaptor=Local%20Search%20Engine&isFrbr=true&tab=LibraryCatalog&query=any%2Ccontains%2CHaruki%20Murakami&offset=70,,Literatura amerykańska,Powieść,ISBN : 9781668047996 (oprawa miękka) USD 17 9780743247405 (ebook),,,New York : Scribner,,The last tycoon : an unfinished novel / F. Scott Fitzgerald ; edited by Edmund Wilson with introdution Haruki Murakami.,821.111(73)-3,"204, [1] strona ; 21 cm.","1901-2000 1918-1939 Przedsiębiorcy Przemysł filmowy Hollywood (Los Angeles , część miasta)",november 2023,,angielski,Książki Proza,,,
"Murakami, Haruki (1949- ) Wywiad Ozawa, Seiji (1935-2024) Penguin Random House UK Wydawca",https://katalogi.bn.org.pl/discovery/fulldisplay?docid=alma9914560171405606&context=L&vid=48OMNIS_NLOP:48OMNIS_NLOP&lang=pl&search_scope=NLOP_IZ_NZ&adaptor=Local%20Search%20Engine&tab=LibraryCatalog&query=any%2Ccontains%2CHaruki%20Murakami&offset=70,First published in Great Britain by Harvill Secker 2016. This edition reissued Vintage 2017.,Literatura japońska,Wywiad-rzeka,"ISBN : 9781784700140 (oprawa miękka) £ 12,99","Tytuł oryginału: Ozawa Seiji-san to ongaku ni tsuite hanashi o suru, 2011",,UK : Vintage,,Absolutely on music : conversations with Seiji Ozawa / Haruki Murakami ; translated from the Japanese by Jay Rubin.,"78.071.2(520) 821.521(091)""20"" (047)","XIX, 325, [7] stron ; 20 cm.",1901-2000 1945-1989 1989-2000 2001- Dyrygenci japońscy Muzyka poważna Pisarze,2017,Historia Kultura i sztuka,angielski,"Książki Literatura faktu, eseje, publicystyka",,,
"Murakami, Haruki (1949- ) Autor Birnbaum, Alfred Tłumaczenie Gabriel, Philip. Vintage Books Wydawca",https://katalogi.bn.org.pl/discovery/fulldisplay?docid=alma9911719396205606&context=L&vid=48OMNIS_NLOP:48OMNIS_NLOP&lang=pl&search_scope=NLOP_IZ_NZ&adaptor=Local%20Search%20Engine&tab=LibraryCatalog&query=any%2Ccontains%2CHaruki%20Murakami&offset=70,,Literatura japońska,Antologia,ISBN : 0375725806 (oprawa miękka),,First Vintage International edition.,"New York : Vintage International, Books a division of Random House",,Underground / Haruki Murakami ; translated from the Japanese by Alfred Birnbaum and Philip Gabriel.,,"X, 366 stron : ilustracje ; 21 cm.",Organizacje religijne Terroryzm Atak terrorystyczny w tokijskim metrze (1995) Japonia,2001,Historia Socjologia i społeczeństwo,angielski,"Książki Literatura faktu, eseje, publicystyka",,,
"Murakami, Haruki (1949- ) Autor Zielińska-Elliott, Anna (1963- Tłumaczenie Muza Wydawca",https://katalogi.bn.org.pl/discovery/fulldisplay?docid=alma9912644362005606&context=L&vid=48OMNIS_NLOP:48OMNIS_NLOP&lang=pl&search_scope=NLOP_IZ_NZ&adaptor=Local%20Search%20Engine&isFrbr=true&tab=LibraryCatalog&query=any%2Ccontains%2CHaruki%20Murakami&offset=70,Książka-prezent została wydana na potrzeby Ogólnopolskiej Kampanii Na Rzecz Wspierania Czytelnictwa Czytelmanii.,,Opowiadania i nowele,,,,Warszawa : Warszawskie Wydawnictwo Literackie Muza SA,,Tony Takitani / Haruki Murakami ; przełożyła z japońskiego Anna Zielińska-Elliott.,,"29, [3] strony ; 20 cm.",Literatura japońska,2007,,polski,Książki Proza,,,
"Murakami, Haruki, 1937- author. Ozawa, Seiji, 1935- Rubin, Jay, translator.",https://katalogi.bn.org.pl/discovery/fulldisplay?docid=alma9914543899905606&context=L&vid=48OMNIS_NLOP:48OMNIS_NLOP&lang=pl&search_scope=NLOP_IZ_NZ&adaptor=Local%20Search%20Engine&tab=LibraryCatalog&query=any%2Ccontains%2CHaruki%20Murakami&offset=70,,,,ISBN : 0-385-35435-5 OCLC (OCoLC)965726950 0-385-35434-7,,First edition.,"New York, York : Alfred A. Knopf",,"Absolutely on Music : Conversations / Haruki Murakami, Seiji Ozawa, and translated by Jay Rubin.",,1 online resource (190 pages),,2016,,angielski,,"Mostly on the Beethoven Third piano concerto -- On manic record collectors Brahms at Carnegie Hall The relationship of writing to music What happened in 1960s Eugene Ormandy's baton Gustav Mahler From Chicago blues Shin'ichi Mori joys opera In a little Swiss town ""There's no single way teach. You make it up as you go along.""",,
"Duras, Marguerite (1914-1996) Autor Joyce, James (1882-1941) Archer, Jeffrey (1940- ) Coelho, Paulo (1947- Murakami, Haruki (1949- Grochola, Katarzyna (1957- Wiśniewski, Janusz Leon (1954- Sanmao (1943-1991) Macomber, Debbie (1948- Hwang, Sok-yong (1943-",https://katalogi.bn.org.pl/discovery/fulldisplay?docid=alma991052896278905066&context=L&vid=48OMNIS_NLOP:48OMNIS_NLOP&lang=pl&search_scope=NLOP_IZ_NZ&adaptor=Local%20Search%20Engine&tab=LibraryCatalog&query=any%2Ccontains%2CHaruki%20Murakami&offset=70,"Źródło opisu: https: / www.worldcat.org / title / ngi-tinh-25-truyen-ngan-10-tac-gia-bestseller-the-gii / oclc / 589810020&referer=brief_results ; https: / nhasachmao.com / nguoi-tinh-25-truyen-ngan-10-tac-gia-bestseller-the-gioi, dostęp14.05.2021. Zawiera opowiadania autorstwa Janusza L. Wiśniewskiego i Katarzyny Grocholi.",Literatura angielska brazylijska chińska irlandzka japońska koreańska polska,Antologia Opowiadania i nowele,ISBN : (Oprawa miękka) VND 75000,Người tình : hai mươi lăm truyện ngắn mười tác giả bestseller thế giới,,Hà Nội : Văn học,PZ 2010,"Người tình : 25 truyện ngắn 10 tác giả bestseller thế giới / Marguerite Duras, James Joyce, Jeffrey Archer, Paulo Coelho, Haruki Murakami, Katarzyna Grochola, Janusz L. Wisniewski, Tam Mao, Debbie Macomber, Hwang Seok-young.",82-1 / -9(0.054) 821.162.1-1 / -9(0.054),518 stron ; 19 cm.,,2009,,wietnamski‎‏,Książki Proza,,,
"Turner, Alice K. Wybór Beaumont, Charles. Gold, Herbert. Matheson, Richard (1926-2013). Bradbury, Ray. Jones, James (1921-1977). Dahl, Roald (1916-1990). Jackson, Shirley. Friedman, Bruce Jay. Thurber, James. Malamud, Bernard (1914-1986). Baldwin, Shaw, Irwin (1913-1984). Cheever, John (1912-1982). Updike, (1932-2009). Oates, Joyce Carol. García Márquez, Gabriel (1927-2014). Gordimer, Nadine (1923-2014). Roth, Philip (1933-2018 ). Heller, Joseph (1923-1999). Kerouac, Jack (1922-1969). Irving, (1942- Collier, John. Mailer, Norman. Borges, Jorge Luis (1899-1986). Singer, Isaac Bashevis (1904-1991). Theroux, Paul. O'Faolain, Sean. Dubus, Andre. Colwin, Laurie. McGuane, Thomas. Shacochis, Bob. Boyle, T. Coraghessan. Coover, Robert (1932- Le Guin, Ursula (1929-2018). Johnson, Murakami, Haruki (1949- McInerney, Algren, Nelson (1909-1981). Mukherjee, Bharati. Dom Wydawniczy Rebis",https://katalogi.bn.org.pl/discovery/fulldisplay?docid=alma9914526819505606&context=L&vid=48OMNIS_NLOP:48OMNIS_NLOP&lang=pl&search_scope=NLOP_IZ_NZ&adaptor=Local%20Search%20Engine&isFrbr=true&tab=LibraryCatalog&query=any%2Ccontains%2CHaruki%20Murakami&offset=70,Najlepsze opowiadania w czterdziestoleciu pisma.,,,ISBN : 8371202040,,,"Poznań : ""Rebis""",,Playboy : opowiadania / zebrane przez Alice K. Turner ; [tł. z różnych jęz.].,820(73)-3+820(680)-3+830-088-3+860(82)-3+860(861)-3+891.62-3+895.6-3,600 s. ; 24 cm.,Opowiadanie amerykańskie -- 20 w argentyńskie kolumbijskie irlandzkie japońskie południowoafrykańskie żydowskie,1995,,polski,,"Czarny kraj / Charles Beaumont. Wszystkie mężatki są złe, czyż nie? Herbert Gold. Rozkwit ulicznic Richard Matheson. W spokojny, cichy wieczór Ray Bradbury. Polub tę dziewczynkę James Jones. Wspaniały syn Roald Dahl. Zamarł wielki głos Shirley Jackson. Zabójca z telewizora Bruce Jay Friedman. Brat Endicott Thurber. Nagi akt Bernard Malamud. Dla mnie życie aktora Philip Roth. Dobra blondynka Jack Kerouac. Potomek Baldwin. Kędy każdy daje krok, kto mądry i szlachetny Irwin Shaw. Żółty pokój John Cheever. Umieram, Egipcie, umieram Updike. Saul Bird mówi: Wiążcie się! Porozumiewajcie Wyzwalajcie się Joyce Carol Oates. Najpiękniejszy topielec świata Gabriel Garcia Márquez. Ostatnia karuzela Nelson Algren. Przyjaciel przyrody Nadine Gordimer. Tyrada Brennbara Irving. Sam tego chciał Collier. Proces czarownika Norman Mailer. Nieznajomy Jorge Louis Borges. Przyjęcie w Miami Beach Isaac Bashevis Singer. Niewinne kłamstwa Paul Theroux. Czy mogę prosić o trochę marmolady Sean O'Faolain. Anna Andre Dubus. Moja kochanka Laurie Colwin. Jak liść Thomas McGuane. Spokój na wyspach Bob Shacochis. Pośrednik Bharati Mukherjee. Yossarian wychodzi cało Joseph Heller. Współczesna miłość T. Coraghessan Boyle. Lucky Pierre u lekarza Robert Coover. Otwieranie powietrza Ursula K. Le Guin. Taekwondo Johnson. Drugi atak piekarnię Huruki Murakami. to skończyło McInerney.",,
"Nihei, Chikako, author.",https://katalogi.bn.org.pl/discovery/fulldisplay?docid=alma9913182939005606&context=L&vid=48OMNIS_NLOP:48OMNIS_NLOP&lang=pl&search_scope=NLOP_IZ_NZ&adaptor=Local%20Search%20Engine&tab=LibraryCatalog&query=any%2Ccontains%2CHaruki%20Murakami&offset=70,"Includes bibliographical references and index. Haruki Murakami: Storytelling Productive Distance studies the evolution of monogatari, or narrative storytelling in works Murakami. Author Chikako Nihei argues that Murakami's power monogatari lies his use distancing effects; allows individuals to ""cross"" into a different context, through which they can effectively observe themselves reality. His belief importance is closely linked generation's experience counter-culture movement late1960s research on 1995 Tokyo Sarin Gas Attack caused by Aum shinrikyo cult, major events postwar Japan revealed many people's desire for stable interact with form their identity from.",,,ISBN : 1-000-02118-1 1-000-02084-3 0-367-26665-2 OCLC (OCoLC)1100071607 (OCoLC-P)1100071607 0-367-25641-X,,1st ed.,"New York, NY : Routledge",,Haruki Murakami : storytelling and productive distance / Chikako Nihei.,,1 online resource (155 pages).,,2019,,angielski,,"Introduction -- Distancing Japanese literary tradition: monogatari and language ""Departure"" from the distrust of language: narration as engagement Narrativising memories: Murakami's attempt at a realist novel in Norwegian wood Distance within, will to imagine, power metaphor Kafka on shore Writing space in-between: exploration cross-cultural effects Conclusion: an antibody, 1Q84 stories after ""Fukushima"".",,Routledge studies in contemporary literature ; 31 31.
"Strecher, Matthew Carl.",https://katalogi.bn.org.pl/discovery/fulldisplay?docid=alma9913142471605606&context=L&vid=48OMNIS_NLOP:48OMNIS_NLOP&lang=pl&search_scope=NLOP_IZ_NZ&adaptor=Local%20Search%20Engine&tab=LibraryCatalog&query=any%2Ccontains%2CHaruki%20Murakami&offset=70,"Description based upon print version of record. English In an ""other world"" composed language-it could be a fathomless Martian well, labyrinthine hotel or forest-a narrative unfolds, and with it the experiences, memories, dreams that constitute reality for Haruki Murakami's characters readers alike. Memories in turn conjure their magical counterparts-people without names pasts, fantastic animals, half-animals, talking machines traverse dark psychic underworld this writer's extraordinary fiction.Fervently acclaimed worldwide, wildly imaginative work many ways remains mystery, its worlds",,,ISBN : 1-4529-4305-2 1-322-04506-2 0-8166-9198-3,,1st ed.,Minneapolis : University of Minnesota Press,,The Forbidden Worlds of Haruki Murakami,,1 online resource (292 p.),"Japan -- Fiction Murakami, Haruki, 1949- Criticism and interpretation Short stories, Japanese Translations into English Languages & Literatures East Asian",2014,,angielski,,"Cover; Contents; Preface; Acknowledgments; Introduction: The Power of the ""Story""; 1 New Words, Worlds; 2 Into Mad, Metaphysical Realm; 3 Gods and Oracles, Fate Mythology; 4 Murakami Haruki as Literary Journalist; 5 Forbidden Dreams from ""Over There""; Epilogue: Roads Not Taken; Notes; Bibliography; Index; A; B; C; D; E; F; G; H; I; J; K; L; M; N; O; P; R; S; T; U; V; W; Y",,
"Strecher, Matthew.",https://katalogi.bn.org.pl/discovery/fulldisplay?docid=alma9913070875205606&context=L&vid=48OMNIS_NLOP:48OMNIS_NLOP&lang=pl&search_scope=NLOP_IZ_NZ&adaptor=Local%20Search%20Engine&tab=LibraryCatalog&query=any%2Ccontains%2CHaruki%20Murakami&offset=70,"Description based upon print version of record. English This is an excellent guide to Haruki Murakami's extraordinary novel. It features a biography the author (including interview), full-length analysis novel, and great deal more. If you're studying this reading it for your book club, or if you simply want know more about it, you'll find informative helpful. part new series guides contemporary novels. The aim give readers accessible introductions some most popular, acclaimed influential novels recent years - from 'The Remains Day' 'White Teeth'. A team fiction scholars both sides Atlantic has been assembled provide thorough readable each in question.",,,OCLC : (OCoLC)880458910 ISBN 9781441101464 1441101462 9780826452399 0826452396,Haruki Murakamis The Wind-up Bird Chronicle Murakami's Murakami''s Continuum Contemporaries,1st ed.,New York : Bloomsbury Publishing,,Haruki Murakami''s The Wind-up Bird Chronicle : A Reader''s Guide,,1 online resource (97 p.),Languages & Literatures East Asian,2002,,angielski,,Cover; Contents; 1. The Novelist; 2. Novel; 3. Novel''s Reception; 4. Performance; 5. Further Reading and Discussion Questions,,Continuum Contemporaries
